Brand,Family,Name,Count,Details
Aurora,,Black,,
Bungubox,,Tears of Clown,,Old bottle
Bungubox,,Sapphire,,Old bottle
Califolio,,Itzamna,,
Califolio,,Bosphore,,
Kingdom Note,,Sasakia Charonda,,
Kingdom Note,,Uca Acuata,,
Kingdom Note,,Nipponia Nippon,,
Kingdom Note,,Phasanius Versicolor,,
Kingdom Note,,Falco Peregrinus,,Old bottle
Bungubox,,Omaezaki Sea,,
Bungubox,,Omaezaki Sunset,,
Bungubox,,Piano Mahogany,,
KWZ,,Honey,,
KWZ,,Brown-Pink,,
Montblanc,,Leo Tolstoy,3,
Diamine,,SBRE Brown,,
Blaze Wu,,Dragon Scales,,"10ml, calligraphy"
Sheaffer,,Skrip Red,,
Fahrney's,,Orange,,
J. Herbin,,Encre de Chine,,Calligraphy
Speedball,,Scarlet Red,,Calligraphy
P.H. Martin's,Bombay India,Golden Yellow,,Calligraphy
P.H. Martin's,Bombay India,Crimson,,Calligraphy
P.H. Martin's,Bombay India,Terra Cotta,,Calligraphy
Noodler's,,Manhattan Blue,,
Noodler's,,Zhivago,,
Noodler's,,Apache Sunset,,
Noodler's,,Black,,
Franklin-Christoph,,Midnight Emerald,,5ml
Montblanc,,Blue Hour,2,
Omas,,Turquoise,,
Omas,,Sepia,,
KWZ,Iron-Gall,Gummiberry,,Iron-gall
KWZ,Standard,Menthol Green,,
KWZ,Standard,Green #2,,
Bungubox,Anniversary,Sakura Saku,,
Bungubox,,Valentine's Choco Brown,,
Bungubox,,Fujiyama Blue,,
Diamine,,Oxblood,,
Blackstone,,Uluru Red,,
Blackstone,,Sydney Harbor Blue,,
Blackstone,,Daintree Green,,
Blackstone,,Barrier Reef Blue,,
Blackstone,,Black Stump,,
Diamine,,Monaco Red,,Cartridges
Diamine,,Majestic Blue,,Cartridges
Monteverde,,Brown,,
Kingdom Note,,Marsupenaeus Japonicus,,
Kingdom Note,,Trypoxylus Diohotomus,,
Kingdom Note,,Trametes Versicolor,,
Kingdom Note,,Aix Galericulata,,
Bungubox,,Norwegian Wood,,
Montblanc,,Meisterstück 90 Years Permanent Grey,2,
J. Herbin,1670,Rouge Hematite,,
J. Herbin,1670,Bleu Ocean,,
J. Herbin,1670,Stormy Grey,,
J. Herbin,1670,Emerald of Chivor,,
Montblanc,,Irish Green,,
Bungubox,,Hamanako Fresh Mandarin Orange,,
Bungubox,,Kotohogi Kurenai,,
Noodler's,,Heart of Darkness,,
Iroshizuku,,Tsukushi,,
Iroshizuku,,Ina-Ho,,
Iroshizuku,,Murasaki-Shikibu,,
Iroshizuku,,Fuyu-Syogun,,
Iroshizuku,,Kon-Peki,,
Iroshizuku,,Shin-Kai,2,"Full-size PenAddict DC 2015 bottle, 15ml"
Iroshizuku,,Momiji,,
Sailor,,Kiwa-Guro,,
Sailor,,Yama-Dori,,
Athena,Maruzen,Eternal Blue,,Old bottle
Athena,Maruzen,Hatobanezu,,Old bottle
Bungubox,,L'amant,,Old bottle
Athena,Maruzen,Sepia,,New special bottle
P.W. Akkerman,,Hofkwartier Groen #28,,
Iroshizuku,,Syo-Ro,,15ml
Iroshizuku,,Ama-Iro,,15ml
Iroshizuku,,Asa-Gao,,15ml
Iroshizuku,,Yama-Budo,,15ml
Iroshizuku,,Fuyu-Gaki,,15ml
J. Herbin,,Lie de Thé,,"10ml, cartridges"
Montblanc,,Golden Yellow,,
Montblanc,,Pink,,
Montblanc,,JFK,,
Montblanc,,Daniel Defoe,,
Diamine,,Ancient Copper,,30ml
J. Herbin,,Orange Indien,,10ml
Pelikan,Edelstein,Amethyst,,
Pelikan,Edelstein,Jade,,
Visconti,,Turquoise,,
Rohrer & Klinger,,Alt-Goldgrün,,
Rohrer & Klinger,Iron-Gall,Salix,,
Rohrer & Klinger,Iron-Gall,Scabiosa,,
Delta,,Black,,
J. Herbin,,Poussière de Lune,,
Franklin-Christoph,,Tenebris Purpuratum,,
Franklin-Christoph,,Franklin Green,,
Franklin-Christoph,,Midnight Emerald,,
Franklin-Christoph,,Terra Firma,,
Franklin-Christoph,,Loden,,
Bungubox,,June Bride Something Blue,,
Kingdom Note,,Macrocheira Kaempferi,,
Caran d'Ache,Colours of the Earth,Grand Canyon,,
Caran d'Ache,Colours of the Earth,Caribbean Sea,,
Caran d'Ache,Colours of the Earth,Sunset,,
